{"cameraMode":{"drawMode":0,"name":"Shaded","section":"Shading Mode"},"sceneLighting":false,"audioPlay":false,"sceneViewState":{"showFog":true,"showMaterialUpdate":false,"showSkybox":false,"showFlares":true,"showImageEffects":true,"showParticleSystems":true,"showVisualEffectGraphs":true,"m_FxEnabled":true},"in2DMode":false,"pivot":{"x":0.0035999976098537447,"y":0.6223000288009644,"z":0.03885199874639511},"rotation":{"x":-0.23156586289405824,"y":-0.4945620596408844,"z":0.1387045681476593,"w":-0.8262051939964294},"size":0.418439656496048,"orthographic":false}